user_id,product,commission,date
ccc05d82e1,product_y,499.6,2022-08-05
77a488f223,product_y,821.295,2022-10-20
e717cb5a0b,product_y,1215.035,2023-01-19
1e9ca78b5b,product_y,413.18,2022-12-20
eee1f85c5c,product_y,354.4475,2022-10-06
a54a4a34cf,product_y,,2023-04-17
33fc34797e,product_x,1270.995,2023-02-28
ef4f7cea3f,product_y,578.9875,2022-10-16
8c13655dc1,product_y,602.9925,2022-09-27
499ca807eb,product_y,960.4,2022-07-26
21e3e9b3a6,product_y,571.86,2023-01-10
39ae00db80,product_y,195.4725,2022-11-18
1fd0fc202c,product_y,637.2125,2022-12-05
3c41fe946c,product_y,658.0,2022-05-11
3c41fe946c,product_y,744.5475,2023-03-30
934c116bc2,product_y,514.0,2022-09-19
a0c02647a6,product_y,,2023-04-03
b9f8485587,product_y,251.5,2023-01-16
a5a464e614,product_y,1018.0,2022-11-30
a5a464e614,product_y,1018.0,2022-11-30
a5a464e614,product_y,799.7925,2022-06-23
48c42f5a97,product_y,734.5,2023-02-06
fca6327671,product_y,536.0725,2023-03-01
c121bc35ff,product_y,445.07,2023-03-15
9b50b845b5,product_y,880.695,2022-09-01
3637f943e1,product_y,565.5525,2023-02-17
3637f943e1,product_y,850.6725,2022-10-24
5a27ede63a,product_y,517.935,2022-12-21
e6704db6a7,product_y,514.0,2023-01-10
745ad916f0,product_y,493.0,2022-12-07
745ad916f0,product_y,805.57,2022-12-14
67e0fe27d5,product_y,617.845,2023-02-28
67e0fe27d5,product_y,44.105,2023-02-28
04cf81857a,product_y,,2023-05-31
b291ff7348,product_y,394.0475,2023-02-10
4be88b48bd,product_y,,2023-04-30
a5ee9ca983,product_y,296.07,2022-05-10
a5ee9ca983,product_y,,2022-05-03
cc539f3899,product_y,390.16,2023-01-10
2b5b6cd9f2,product_y,1018.0,2022-09-12
7f2632419b,product_y,564.4,2023-01-31
97d65fdb27,product_y,,2023-04-03
7e783c517a,product_y,816.3675,2022-10-19
8a8fe9f703,product_y,123.04,2023-02-20
8a8fe9f703,product_y,120.4,2023-02-20
9b7d16ad06,product_y,,2023-05-22
fc80123572,product_y,552.505,2022-09-15
2f78e4fa69,product_y,3216.97,2023-03-22
7ad45ad14f,product_y,526.595,2023-01-16
4172a984e7,product_y,1024.9125,2023-03-20
931dc17838,product_y,1018.0,2022-10-14
40c2f66a42,product_x,929.855,2022-08-17
5df45cd3e5,product_y,1018.0,2023-03-08
aaebda841f,product_y,442.0,2022-09-01
d9b6be6331,product_y,118.0,2023-02-13
585eca2bca,product_y,295.0,2022-08-22
585eca2bca,product_y,547.5525,2022-10-18
6d26aa27ac,product_y,1176.4,2022-12-21
6d26aa27ac,product_y,1270.0,2022-12-21
ec0768d04a,product_y,499.6,2023-03-24
ec0768d04a,product_y,488.655,2023-03-24
d045734ab0,product_y,686.1125,2023-03-30
d81899b528,product_x,206.585,2023-01-30
d81899b528,product_x,158.8125,2023-01-26
2c1e2af70b,product_y,633.46,2022-10-17
f0be979aea,product_y,,2023-04-26
05ceea100d,product_y,,2023-04-17
cd415f0ae0,product_x,738.03,2022-05-24
f173475bbc,product_y,514.0,2023-03-10
3af46e0a84,product_x,1423.4675,2022-08-02
363f6b8bdb,product_y,,2023-04-19
470a01ef53,product_y,759.6275,2022-12-19
a30d8288c7,product_y,678.9675,2023-01-19
a30d8288c7,product_y,,2023-04-25
f63ef1cefb,product_y,1478.8,2022-04-21
f63ef1cefb,product_x,1354.6325,2022-07-07
23ee854109,product_y,,2023-04-18
451bf5bc37,product_y,571.6,2022-08-26
779692f6bb,product_y,906.735,2022-09-21
b7e79a7af4,product_y,417.4325,2022-06-29
bfd04fb8b7,product_y,526.595,2023-02-24
bfd04fb8b7,product_y,514.0,2022-10-31
d2273c13ea,product_y,150.8675,2022-10-26
0f4959a294,product_y,844.7325,2022-03-30
0f4959a294,product_y,,2023-05-30
0f4959a294,product_y,,2023-05-30
20246fc561,product_y,620.025,2022-06-09
42580d09c8,product_y,225.135,2023-01-24
3ae1c2cbd1,product_y,390.43,2023-02-20
ba855491a1,product_y,527.55,2023-01-30
7005dcefcf,product_x,1372.9775,2022-12-29
63ad4bb0fe,product_y,1018.0,2023-01-23
e7d8b77498,product_y,636.055,2022-03-07
4c680e7ccc,product_y,,2023-05-15
4c680e7ccc,product_y,,2023-05-15
5727879318,product_x,1177.545,2023-02-28
23d81665dc,product_y,262.0,2023-03-31
697675c79e,product_y,324.9525,2023-02-28
26ecc70a3f,product_x,1137.245,2022-09-14
772da69406,product_y,971.92,2022-12-28
025e75567c,product_y,454.09,2023-01-19
fd73711ebd,product_x,1218.7,2022-12-29
3a8426c5e3,product_x,371.505,2022-09-27
c6c8c786db,product_y,787.6,2022-07-04
e44d9c4a38,product_y,290.1725,2023-03-20
25e44ab5e3,product_y,1942.0,2023-02-14
25e44ab5e3,product_y,1162.0,2023-02-01
3ad163b359,product_y,722.295,2023-03-03
23680a74a5,product_y,1804.815,2022-10-07
23680a74a5,product_y,2703.1925,2022-10-12
8f7eb2b0f0,product_y,106.6725,2022-08-29
8f7eb2b0f0,product_y,,2023-05-25
8f7eb2b0f0,product_y,100.2,2022-08-29
d42dee620b,product_y,1560.015,2023-01-03
66181b18b4,product_y,738.6875,2023-01-20
6f870ecd7d,product_y,493.265,2023-01-18
dffd162f41,product_y,1127.44,2022-10-17
dffd162f41,product_x,1129.3975,2022-09-28
692a03f2b2,product_x,825.235,2022-10-20
4d0b0a826f,product_y,549.9975,2022-08-18
4d0b0a826f,product_y,518.44,2022-08-18
868dcd9229,product_y,224.75,2023-03-31
868dcd9229,product_y,439.4575,2023-03-31
645aacde36,product_y,586.0,2022-09-21
645aacde36,product_y,568.8125,2022-09-05
5ce7b3100d,product_y,523.6,2022-09-19
f7a96fd8be,product_y,440.7375,2023-01-18
fcf452e0e8,product_y,403.99,2023-03-01
8502cbb1a5,product_y,275.9675,2023-01-16
48277449f6,product_y,893.2,2023-01-25
0d05d11341,product_y,522.2075,2023-03-14
af56ac9d51,product_y,,2023-04-03
f7d2598db7,product_y,394.94,2022-04-12
4b655020af,product_y,,2023-04-24
c67af126f7,product_y,,2023-04-11
597a1bd577,product_y,,2023-04-28
a0324cb508,product_y,473.8825,2022-08-01
a0324cb508,product_y,97.45,2022-09-20
5322a0d148,product_y,,2023-05-05
5322a0d148,product_y,,2023-05-05
bace1509f2,product_y,197.1525,2022-11-28
a06d377e5a,product_y,389.08,2023-02-27
7700b09929,product_y,298.0,2022-07-19
7700b09929,product_y,390.4775,2022-07-27
581cbf2bbd,product_y,294.13,2023-03-23
0cce4e655c,product_y,291.03,2023-02-10
a8b7e7dbf6,product_y,493.0,2022-12-30
513f2ab4b3,product_x,1148.6875,2022-09-21
a483d8729a,product_y,514.0,2023-03-10
bdb7d8969b,product_y,487.8925,2022-12-12
b8e2736bb9,product_y,493.0,2023-01-25
c6d86e287e,product_y,805.42,2022-08-30
a3004656aa,product_y,,2023-05-08
fd8935ed4b,product_y,,2022-08-25
06ad5b005e,product_y,1144.72,2023-03-27
4e38b92c51,product_y,528.4,2022-06-24
ebc1302988,product_y,236.8,2023-01-26
4731b12c09,product_y,2625.76,2022-11-15
ea87012f2e,product_y,650.4,2022-08-29
ea87012f2e,product_x,453.14,2022-08-22
ea87012f2e,product_y,1738.0,2022-11-10
d66fc46f97,product_y,298.0,2022-10-04
7e2499a4c5,product_y,507.1525,2023-02-22
995528dadd,product_y,262.0,2022-12-30
995528dadd,product_y,1723.6,2022-05-05
995528dadd,product_y,195.46,2022-05-05
995528dadd,product_y,262.0,2022-12-30
995528dadd,product_y,244.6,2023-02-08
da508e9b76,product_y,472.6575,2022-10-05
a0296338c2,product_y,267.25,2023-01-20
4610dd69a1,product_y,673.2275,2022-11-30
d5b99accfb,product_y,251.6325,2023-03-27
d5b99accfb,product_y,499.6,2023-03-24
05d07fe7b4,product_y,462.16,2023-01-16
05d07fe7b4,product_y,883.735,2022-12-28
0b7befb39d,product_y,,2023-05-26
988759a853,product_y,154.0,2022-08-23
a3bd03be81,product_y,,2023-05-22
a72d3232f2,product_y,766.0,2023-03-30
54b9a92eef,product_y,896.6125,2023-03-28
b4f3095117,product_y,706.5275,2023-02-20
e08f6f3365,product_y,387.1225,2022-11-15
a94f54a685,product_x,365.6,2022-12-19
f8aba6d0f6,product_y,262.0,2023-03-15
10fddb3563,product_y,251.5,2023-01-27
e01bd70757,product_y,3869.2,2023-01-24
9c106c7a3b,product_y,514.0,2023-03-27
46992eb867,product_y,,2023-04-06
46992eb867,product_y,,2023-04-06
f469933ec3,product_y,395.1775,2022-11-09
6443ba7bc5,product_x,1167.6775,2022-09-26
4260dd203b,product_y,,2023-04-27
a4b8891dee,product_y,712.0,2022-06-09
222d087f5b,product_y,2102.8,2022-05-13
b4ac5512c0,product_y,665.33,2022-03-23
99bb338bfa,product_y,1243.36,2022-12-16
99bb338bfa,product_y,,2023-04-27
5c1030f35f,product_y,308.98,2022-04-04
e8cb82d633,product_y,285.84,2022-08-11
8514906515,product_y,,2023-06-05
a382aef3e2,product_y,835.985,2023-01-26
f73e40e62d,product_y,616.2975,2022-11-17
a35594adfb,product_y,,2023-04-06
d50fd1b0d7,product_y,186.4,2022-10-10
d50fd1b0d7,product_y,186.4,2022-10-10
d50fd1b0d7,product_y,186.4,2022-10-10
7bd6793648,product_y,616.72,2022-11-14
041e8ed7a4,product_y,874.0,2022-07-26
160d9a5dbf,product_y,571.945,2022-08-31
78fa8ca6e4,product_y,125.5,2022-10-27
56407ad068,product_y,1589.605,2022-04-26
9c7607b6e4,product_y,757.55,2022-05-31
47532dcafb,product_y,1018.0,2022-11-21
05d711e638,product_y,,2023-03-03
39d96dbda0,product_y,,2023-05-15
d7db8af447,product_y,,2023-05-04
727aa201ac,product_y,,2023-05-23
397c92de09,product_y,227.7275,2022-11-30
c3e92d31b8,product_y,495.975,2022-04-07
ba9d49327e,product_y,238.0475,2022-05-11
274bdf5944,product_y,488.3425,2022-11-16
35f547d626,product_y,136.0,2023-01-20
23f334abfe,product_y,586.0,2023-02-28
0a3c35f639,product_y,501.1875,2023-01-20
0a3c35f639,product_y,,2023-04-24
a7b47d24a4,product_y,136.0,2023-01-23
a7b47d24a4,product_x,19.6675,2023-01-23
8ce9c65ba3,product_y,,2023-04-17
d844ce20f0,product_y,267.76,2022-10-28
d844ce20f0,product_y,766.0,2022-10-28
908cee37fe,product_y,874.0,2022-12-14
33ead47ad6,product_y,,2023-04-12
0df132a6b7,product_y,514.0,2022-11-30
35c18acf5d,product_y,337.6125,2022-06-09
f137adaeb1,product_y,161.2,2022-09-13
78fad6e9f9,product_x,1282.55,2022-08-31
78fad6e9f9,product_x,1282.55,2022-08-31
595aa1af7d,product_y,656.575,2022-09-14
387793a45e,product_y,,2023-04-24
d1b84552ec,product_x,1256.7425,2023-03-14
d1b84552ec,product_y,,2023-04-14
e532d98d61,product_x,784.9,2023-03-15
f25d69121e,product_y,1417.455,2022-11-08
a0c9793d7c,product_y,476.9125,2022-07-29
a0c9793d7c,product_y,463.6,2022-07-29
ea17e2d8d4,product_y,491.895,2022-07-14
bd028e72a1,product_y,1147.6,2022-12-15
14aecdc31d,product_y,397.6925,2022-07-04
e10673b1e7,product_y,1270.0,2022-11-23
7fcab91774,product_y,382.6425,2022-10-25
48e295d6c7,product_y,947.5,2022-10-18
48e295d6c7,product_y,1406.8,2022-10-18
48e295d6c7,product_y,872.5,2023-01-04
14fbd70dae,product_y,490.6225,2023-03-27
5c564af3e0,product_y,766.0,2022-05-12
92c1a591dc,product_x,514.9200000000001,2022-08-25
06b58bd7bf,product_y,283.5975,2022-06-22
58369f7a68,product_y,378.2475,2022-10-31
1b98d29556,product_y,766.0,2022-12-13
4e3ccbe051,product_y,607.8675,2022-08-08
076e70772e,product_x,1219.0175,2022-06-24
b39b112ac9,product_y,822.4375,2022-07-18
b39b112ac9,product_y,1651.6,2022-07-18
f685d35f6a,product_y,423.98,2022-10-31
55b7be5951,product_y,300.5325,2022-10-17
d12fb7c8e6,product_y,1364.32,2022-08-15
1e66c0c3a6,product_y,488.25,2022-07-11
ab26d99caa,product_x,1315.94,2023-03-31
ab8d3f6b7f,product_y,368.4325,2022-08-09
ab8d3f6b7f,product_y,326.0675,2022-05-11
c50d03a56c,product_y,514.0,2023-03-01
7ab69bde38,product_y,440.2725,2023-03-06
7240cf44cf,product_y,294.8325,2023-02-01
dfa1dfe01d,product_y,555.5025,2023-03-16
dfa1dfe01d,product_y,262.0,2023-03-20
4612599c8d,product_y,488.4325,2022-11-14
5fe931cc9e,product_y,461.955,2022-12-06
5a15df0eb1,product_y,427.9225,2022-04-27
67cd13d6bd,product_y,363.6775,2022-11-24
d4d11d4f8a,product_y,1478.8,2022-08-03
d4d11d4f8a,product_y,693.1,2022-12-30
d83ae4cfdf,product_y,128.8875,2022-05-03
2b081a576f,product_y,,2023-05-25
2b081a576f,product_y,,2023-05-25
741a76d020,product_y,,2023-06-01
741a76d020,product_y,515.2674999999999,2022-02-01
0954e3a4a7,product_y,268.115,2022-09-06
47e8ad69f4,product_y,145.7925,2022-05-04
62e3f8b12e,product_y,424.18,2022-12-02
721b5f5945,product_y,1066.0,2022-11-29
55acb5d782,product_y,161.2,2022-09-28
29d3338ec9,product_y,1538.0125,2022-12-16
2265b5f4ac,product_y,289.575,2022-08-08
2265b5f4ac,product_y,415.5875,2022-08-20
73401c532a,product_y,335.225,2023-01-31
982063e2df,product_y,521.2,2023-02-02
c91cf19cf6,product_y,262.0,2023-01-25
c91cf19cf6,product_y,262.0,2023-01-25
3c07e98ffc,product_y,307.6075,2022-09-29
f778b95139,product_y,1450.0,2023-03-23
aaae44ed52,product_y,,2023-04-25
85a49d52fa,product_y,1432.0,2023-02-13
6d4ed76a7d,product_y,,2023-05-22
571f18e9e0,product_y,122.2125,2023-02-27
57f72be573,product_y,577.6475,2023-03-23
5d935065f9,product_y,274.595,2023-03-13
2763788636,product_y,734.5,2022-12-29
e3733cc392,product_y,634.745,2022-05-23
2228bca771,product_y,518.895,2022-05-05
1feffd0519,product_y,565.085,2022-11-22
f869bf6ff7,product_x,,2023-05-31
2c10d859c9,product_y,586.0,2022-12-29
67d26bf73a,product_x,,2023-05-25
b4de13f11f,product_y,196.9325,2023-02-14
eb2591ac85,product_y,474.3825,2022-10-12
eb2591ac85,product_y,1492.0,2022-08-05
e715ff28f9,product_y,1009.49,2022-06-14
e715ff28f9,product_y,1118.8,2022-07-08
71a4f71020,product_y,1941.54,2022-06-28
ef575a87fd,product_x,1411.575,2023-03-13
f5999d19a0,product_y,1045.85,2023-02-27
73dd528b6a,product_y,262.0,2022-11-21
54906a7cd2,product_y,2270.08,2022-10-19
54906a7cd2,product_y,2115.855,2022-09-30
54906a7cd2,product_y,685.395,2022-10-31
89722143cc,product_y,436.4975,2023-03-29
fe379da102,product_y,417.775,2023-01-23
2a7fd5849c,product_y,514.0,2023-03-08
2a7fd5849c,product_y,,2023-04-21
e600a75b94,product_y,365.645,2022-07-22
d4c2c3da23,product_y,508.5175,2022-07-04
bf8f00dd33,product_y,810.385,2022-06-30
35177754b5,product_y,,2023-04-21
6556dbe66d,product_y,455.6425,2022-09-07
d98b8c1b3d,product_y,553.1125,2023-02-16
2c94b3d6fb,product_y,840.22,2023-02-01
afe5522d7f,product_y,1694.8,2022-09-26
afe5522d7f,product_y,465.16,2022-03-09
7704c2ba25,product_y,266.58,2023-03-20
bbd3d91a98,product_y,2356.0,2022-12-14
2005fb27c7,product_y,154.0,2023-03-30
b9c490d501,product_y,568.0,2022-11-17
90080126a1,product_y,537.615,2022-10-31
90080126a1,product_y,1329.04,2022-10-31
1733e6aa8f,product_y,216.4025,2022-07-19
cd7df055d7,product_y,,2023-04-05
6e315875aa,product_y,484.92,2023-01-17
6e315875aa,product_y,134.0675,2023-01-17
6b7d3f260f,product_y,1282.585,2022-05-09
f155d4ec51,product_y,154.0,2022-07-18
833b70b56f,product_y,306.2275,2022-03-28
0422c5acac,product_y,262.0,2022-10-17
d3eecd0c8d,product_x,1172.1175,2022-06-28
13dfad4427,product_y,1106.705,2022-12-29
b3a441382c,product_x,1588.5075,2023-01-20
7497891a47,product_x,,2023-03-21
f1cf9f89a5,product_y,421.9125,2022-05-31
fc3e151e79,product_y,251.5,2023-02-17
41420fd253,product_y,,2023-05-03
de67f7fbca,product_y,2890.0,2023-01-11
affa882b99,product_y,586.0,2022-12-29
d15bd992cb,product_y,694.2875,2022-09-30
981a0a589b,product_y,507.205,2022-11-16
89cdb1f079,product_y,254.8,2022-07-08
e1da710012,product_y,514.0,2023-01-26
ba636d3599,product_y,778.575,2023-03-28
311e6e8557,product_y,276.4,2022-09-16
a6ed86b763,product_y,589.6325,2022-08-11
2f6d82b9ed,product_y,587.7275,2022-05-13
2f6d82b9ed,product_x,,2022-05-13
2f6d82b9ed,product_y,591.1325,2022-10-19
2f6d82b9ed,product_x,1674.405,2022-11-30
24c6f2246a,product_y,465.0725,2023-01-23
5cd2197a0d,product_y,419.5,2022-11-24
5b9fbbaafc,product_y,355.47,2023-03-13
d3cda47906,product_y,136.0,2023-03-08
d3cda47906,product_y,136.0,2023-03-08
519ba67812,product_y,117.3775,2022-07-25
3bd99acea3,product_y,840.27,2022-08-10
de6ac1a5e8,product_y,2458.0,2022-08-25
de6ac1a5e8,product_x,118.545,2022-08-25
92320c319a,product_y,480.6775,2023-02-21
9278314d31,product_y,734.94,2022-11-23
36ff020600,product_x,,2023-04-27
b5ee19a0ed,product_y,,2023-04-03
d87942e99f,product_y,,2023-04-24
8ed7e991d6,product_y,493.0,2022-12-28
8a22e4fd2a,product_y,,2023-04-20
1ff6781fb7,product_y,766.0,2022-11-16
643cd351a4,product_y,406.615,2022-07-25
78cf28980b,product_y,262.0,2023-02-13
78cf28980b,product_y,465.4,2023-02-13
df03f0180e,product_y,514.0,2022-11-25
dc11b0b9f7,product_y,413.0125,2023-01-12
b5bd67bb55,product_y,773.8325,2022-12-02
638b88be5e,product_y,701.8075,2022-04-20
3b5328078f,product_y,,2023-04-19
54fb05c5a4,product_y,514.0,2022-11-16
54fb05c5a4,product_y,514.0,2022-11-16
f409c63e75,product_y,728.5375,2023-03-23
f14a542e43,product_y,850.0,2022-12-12
71ab45aa01,product_y,4042.0,2023-03-24
faa15de531,product_y,457.5825,2023-01-25
4c72c629de,product_y,561.4325,2023-02-16
99a49ae448,product_y,,2023-05-10
35fbdefa08,product_y,1968.4,2022-09-07
3fbb00e536,product_y,702.7525,2022-09-30
9ed8f3a516,product_y,154.0,2023-01-19
daeefbff34,product_y,317.82,2023-03-14
9d0d1040c9,product_y,1217.5,2023-01-31
9d0d1040c9,product_y,721.0725,2023-01-16
ed993c1e6b,product_y,677.99,2022-04-29
0d797f1424,product_y,571.08,2022-12-09
383efbba6f,product_y,477.7475,2023-01-18
9eb408979f,product_y,262.0,2022-11-02
9eb408979f,product_y,,2023-05-03
df61deba1c,product_y,880.9125,2022-11-24
229b695e41,product_x,1707.31,2022-07-15
229b695e41,product_y,998.705,2022-10-25
da9e82a55e,product_y,514.0,2023-03-03
039f576864,product_y,3387.665,2023-01-04
039f576864,product_y,1282.595,2023-03-30
ed0c8ce874,product_y,778.595,2023-03-13
89353bbb94,product_y,646.9625,2022-03-14
386f70c3a6,product_x,640.9725,2022-07-28
9ffe59cb31,product_y,755.74,2023-03-30
b902972e01,product_y,675.335,2022-10-05
aa7b3efecc,product_y,136.0,2022-11-25
25c3d5c7fc,product_y,2026.0,2023-01-25
a88786a162,product_y,586.0,2022-08-29
f0dc82c772,product_y,789.535,2022-11-22
12566743a2,product_y,1086.22,2022-12-16
ce1157c568,product_y,805.42,2022-10-27
7f1a482212,product_y,298.0,2022-08-09
a70d2738ea,product_y,507.665,2023-03-21
63c0566499,product_y,1122.8325,2023-03-28
eab6ccc2de,product_y,240.45,2022-10-31
360ff4b896,product_x,599.045,2023-01-18
af26d8e1f9,product_y,495.3675,2022-12-28
2c40668410,product_y,514.0,2022-09-08
7847ae3c19,product_y,444.305,2022-10-25
7847ae3c19,product_y,444.305,2022-10-25
361881f1c6,product_y,,2023-04-06
bf2336da88,product_x,,2023-04-19
64f91fece8,product_y,858.665,2022-03-28
64f91fece8,product_x,1047.4125,2022-04-20
0b3687468d,product_y,,2023-04-27
0b3687468d,product_y,,2023-04-21
a4e5ce3965,product_y,,2023-05-12
2ab3ba0466,product_y,227.655,2022-09-26
2ab3ba0466,product_y,1392.4,2022-09-20
8d95804565,product_y,614.8,2022-11-17
960268daf4,product_y,,2023-04-24
063465ea37,product_y,,2023-05-31
4c9d40bb01,product_y,586.0,2023-01-19
c1d0e726d9,product_y,336.4675,2022-05-03
f8fbffbd14,product_y,424.835,2022-07-31
3085a7e078,product_x,1430.445,2022-05-20
3085a7e078,product_y,617.6425,2022-05-02
3085a7e078,product_y,1672.1925,2022-10-25
037fcf485f,product_y,543.9525,2022-12-15
00e6045b5c,product_y,154.0,2023-01-23
3fcb02ccf5,product_y,475.2,2023-02-20
ddf286e690,product_y,493.5525,2022-12-12
cfb9405020,product_x,1217.345,2022-09-08
7f31e4a368,product_y,896.52,2022-11-21
011438212b,product_y,1738.0,2022-09-29
9d31942a70,product_y,,2023-04-12
585c77c0c3,product_y,469.505,2022-12-09
05c5d13822,product_y,552.505,2022-03-23
d215ff450a,product_y,,2023-05-04
af0014f255,product_y,515.8725,2022-07-11
fc9f874696,product_y,703.3475,2022-12-21
f65700fc09,product_y,442.1725,2023-03-03
2c776f1a3c,product_y,557.345,2023-01-20
99a1062929,product_y,,2023-04-04
99a1062929,product_y,513.2,2022-08-08
129e34b7b1,product_y,706.1675,2022-06-10
28b3909e03,product_y,679.23,2022-06-02
0befe71587,product_y,567.855,2023-03-29
4b1cb6a79d,product_y,260.78,2022-09-22
5c94796efc,product_y,298.0,2023-03-30
5a918ce83f,product_y,636.4,2022-09-09
f7e1389309,product_y,1162.0,2022-08-08
a974a2e547,product_y,634.34,2022-09-08
8bb855901e,product_y,126.07,2022-02-10
3c6fc1f9c7,product_y,403.9175,2022-11-24
36571ba469,product_y,,2023-04-17
144d6b223d,product_y,204.4,2022-05-12
a2660eea3c,product_y,,2023-04-18
30d63ed6e4,product_y,298.0,2023-01-25
74a4c0375e,product_x,1199.9,2022-11-25
74a4c0375e,product_y,2454.4,2022-11-21
70da41d405,product_y,1810.0,2022-11-04
bda3dabc91,product_y,1229.68,2022-12-20
45c24ca779,product_y,614.8,2022-09-28
91b6efc651,product_y,231.9,2023-03-07
c460e1cced,product_y,,2022-03-31
e5187143c2,product_y,,2023-04-03
69c7c8fae4,product_y,,2023-04-06
a31df734e8,product_y,245.8425,2023-02-14
a31df734e8,product_y,,2023-05-31
d45e7431db,product_x,1251.4375,2022-09-12
a3c02e91fd,product_y,1061.5625,2022-04-29
6c35e0a7d6,product_y,,2023-04-13
a763020731,product_y,1014.545,2022-10-18
948a5c7586,product_y,439.12,2022-10-06
4519536e32,product_y,349.2675,2022-12-29
513ce2016c,product_y,679.385,2022-07-12
739890b75b,product_y,267.185,2023-01-31
dad8fee875,product_y,190.0,2022-07-20
457f7a0a38,product_y,736.9125,2022-12-29
22675c9780,product_y,1046.8,2023-03-22
acdd6eaf8a,product_y,522.9425,2022-09-26
f03d34b770,product_y,1360.0,2022-08-19
f03d34b770,product_y,1317.52,2022-10-19
4bfcd69b01,product_y,1270.0,2022-10-14
1d699bb02c,product_y,553.5775,2022-12-29
d28480688e,product_y,,2023-04-27
d4e07497fe,product_y,297.28,2022-03-23
30d5be5987,product_y,437.7875,2022-09-13
30d5be5987,product_y,298.0,2022-09-27
6a69fd60b2,product_y,3988.0,2023-03-31
6a69fd60b2,product_y,712.0,2023-03-31
0812eb49e8,product_y,548.56,2022-12-21
0812eb49e8,product_y,817.84,2022-12-21
0812eb49e8,product_y,1356.4,2022-12-21
ef39e1e675,product_y,186.4,2022-09-21
ef39e1e675,product_y,839.98,2022-08-23
f7ceef515d,product_y,269.0275,2022-05-12
123030c9aa,product_y,628.6775,2023-02-21
8d8a161a17,product_y,848.08,2022-05-05
7366b34e37,product_y,514.0,2022-12-09
7366b34e37,product_y,514.0,2022-12-09
7366b34e37,product_y,510.25,2023-02-16
66d8a9ac86,product_y,527.105,2023-01-12
bbd4f2beed,product_y,,2023-04-13
2e55c53517,product_y,,2023-04-25
f3f79c3e1d,product_y,1482.255,2023-02-24
7b1760b91b,product_y,1270.0,2023-03-02
4fa3bc4220,product_y,1507.6,2022-11-24
c277e392bc,product_y,572.91,2022-05-24
c277e392bc,product_y,499.6,2022-05-24
1b2df38973,product_y,778.095,2023-01-31
1c760d7e83,product_y,514.5425,2022-06-09
2a82eeacf5,product_y,499.6,2023-02-17
0fb9a5aa42,product_y,586.0,2023-02-01
d486e23c34,product_y,504.3975,2022-09-16
d486e23c34,product_y,1113.76,2022-11-11
48d71048d2,product_y,419.7625,2023-03-09
7635c51bd4,product_y,,2023-04-28
e599769389,product_y,925.84,2022-10-14
c7610c5fb2,product_y,,2023-05-03
c7610c5fb2,product_y,,2023-04-18
274f33e384,product_y,976.0,2022-12-22
fb4ea1ea6e,product_y,281.6,2022-07-12
374d0e10f0,product_x,1220.09,2022-10-20
b358028ffd,product_y,290.225,2022-10-05
759debec64,product_x,,2023-05-05
01d3b94945,product_x,,2023-05-30
81925517a5,product_x,1743.3375,2023-02-28
81925517a5,product_y,865.7925,2023-01-11
89710946b3,product_y,128.8,2022-11-22
a19e7d903e,product_y,212.175,2023-02-01
a19e7d903e,product_y,216.785,2023-02-01
87dafd8e3f,product_y,1300.815,2023-03-27
87dafd8e3f,product_y,870.545,2023-03-27
d0dccf08d7,product_y,,2023-05-16
d0cf9ba2ee,product_y,465.4,2022-12-29
ae6e342966,product_y,1018.0,2022-10-21
ae6e342966,product_y,1509.905,2022-10-21
623664c458,product_y,1002.16,2023-01-06
cf56217a19,product_y,,2023-05-09
cf56217a19,product_y,,2023-05-09
aabe6dd41c,product_y,584.1975,2023-03-06
ddab117cdc,product_y,1275.1125,2022-07-06
721a46590f,product_y,,2023-04-28
e76236d83d,product_y,,2023-04-27
78778e5393,product_y,652.54,2022-11-23
fc6362d264,product_y,419.86,2023-02-06
fc6362d264,product_y,943.12,2023-02-06
4360bc9f0d,product_y,712.0,2022-08-08
829875a155,product_y,784.2525,2022-11-28
fb1e6cc0cd,product_y,,2023-05-17
a4aa5b55bd,product_x,1213.3725,2022-04-21
a4aa5b55bd,product_y,310.715,2022-03-19
669fb85e8e,product_y,825.27,2023-02-07
e2e5b3d16e,product_y,1237.6,2022-05-04
f46c147e10,product_y,578.8,2023-02-15
551348a06a,product_y,427.6,2022-11-29
f8a744bdbb,product_y,485.2,2022-09-02
f8a744bdbb,product_y,,2023-04-27
d16524ed1d,product_y,812.325,2023-03-22
7e79d3b43f,product_y,854.09,2023-01-04
bfd4e6f0cf,product_y,608.7,2022-06-07
36ad199945,product_y,105.7,2022-12-14
9c1764f677,product_y,514.0,2022-10-21
4d8d7fe81a,product_y,543.195,2022-04-06
d42d593b22,product_y,946.325,2023-03-10
d42d593b22,product_y,177.4,2023-03-17
0a801879ce,product_y,503.2,2022-05-24
0386591720,product_y,224.195,2023-01-31
0386591720,product_y,224.195,2023-01-31
998bd06699,product_y,700.13,2022-09-26
627c926112,product_y,298.0,2023-01-27
e451157145,product_y,381.6925,2023-01-31
03d58ce619,product_y,514.0,2023-01-06
43759f29d5,product_y,161.2,2022-09-12
43759f29d5,product_y,161.2,2022-09-12
39293a33e6,product_y,154.0,2023-03-16
39293a33e6,product_y,262.0,2023-03-16
7996b8a531,product_y,,2023-04-24
b8f12fcb1e,product_y,140.39,2023-02-17
407b9f0a94,product_y,136.0,2022-10-10
407b9f0a94,product_y,136.0,2022-10-10
407b9f0a94,product_y,161.2,2022-10-10
0f70a90712,product_y,,2023-04-04
2bfb844ee2,product_y,1233.6925,2022-09-13
6411dede77,product_y,647.015,2022-05-18
a688a87a49,product_y,,2023-05-19
6d3cde9db7,product_y,1068.0175,2023-02-10
0a36ca772f,product_x,,2022-08-08
2fe3b90a04,product_y,819.3775,2022-11-17
e37dd45b18,product_y,,2023-05-15
f164911f43,product_y,941.5,2022-06-28
789ef8b32b,product_y,154.0,2023-01-24
68746fddec,product_y,428.0675,2022-09-01
408fd300f5,product_y,820.0,2022-07-20
74fb5a4c94,product_x,1249.09,2022-05-27
ae0389f95d,product_y,367.48,2023-02-06
57858d6e4e,product_y,313.36,2022-08-01
29b6f5fe92,product_y,720.52,2022-08-02
c4d9852cec,product_y,394.835,2022-07-18
85cf4159a2,product_y,536.0725,2022-11-15
5f46e5ff2f,product_y,387.8175,2022-08-17
4d9e716d46,product_y,730.7375,2022-10-28
1e664e3249,product_y,604.51,2022-07-04
d6c7fc4ebf,product_y,960.4,2022-10-27
41bf90898c,product_y,445.835,2022-05-19
41bf90898c,product_y,477.1225,2022-06-28
41bf90898c,product_y,240.4,2022-05-24
0950d76f28,product_y,553.595,2022-03-08
6241529ec4,product_y,298.0,2022-09-14
5f9284e678,product_y,1219.6,2022-09-13
1f2d64effc,product_y,417.515,2022-03-23
08c335c21b,product_y,161.2,2023-03-28
631990161c,product_y,608.26,2023-03-02
6153f052cd,product_y,679.6,2022-05-31
0650612469,product_y,451.6,2022-12-14
e9cee793f1,product_y,578.365,2022-11-02
9e7510842b,product_y,1228.2325,2022-09-19
e3a4162d18,product_y,948.4,2023-02-14
3c1f49a933,product_y,2026.0,2022-10-19
2b767e6783,product_y,262.0,2023-03-13
a9b6ce3aaf,product_y,712.0,2022-11-25
dfd23d55d7,product_y,559.54,2023-02-27
c148a30bb9,product_x,1317.255,2022-10-14
597d6fdada,product_x,950.73,2022-08-24
e8dc785b7c,product_y,143.2,2022-06-20
2287a21fe2,product_y,880.06,2022-05-30
b3bf91e8f2,product_y,253.285,2023-02-16
b01c6156bc,product_y,874.0,2022-05-27
c0256d49f4,product_y,,2023-04-21
31524723e7,product_y,1763.3425,2022-10-19
8c0d4fc887,product_y,497.8725,2023-03-16
75c06084f1,product_y,467.3575,2022-05-11
8e47183fc9,product_y,830.4325,2022-06-10
3216071c32,product_y,298.0,2023-03-07
2dd1f29d19,product_y,485.2,2022-09-27
a86c985433,product_y,247.02,2022-11-29
8a4c5b7d32,product_y,874.04,2022-11-08
33b3d72fed,product_y,251.5,2023-01-03
41b59e87df,product_y,,2023-04-26
57ec7d9030,product_y,456.4,2022-06-03
57ec7d9030,product_x,478.74,2022-06-07
98c4c44738,product_y,356.0125,2022-09-09
438f51c009,product_y,648.145,2022-08-09
438f51c009,product_y,614.8,2022-10-26
bf52f73bf4,product_y,439.81,2023-01-19
01a1a3d688,product_y,113.5,2023-02-07
e0d6077b26,product_y,453.9,2022-11-24
a70dee735b,product_y,1270.0,2022-11-08
457a11f46c,product_y,371.9125,2022-09-28
51eb59da30,product_y,455.1375,2023-03-01
ae86e1a199,product_y,409.3325,2022-12-07
4ccfa73e04,product_y,,2023-04-20
4ccfa73e04,product_y,,2023-04-20
469cd05bf4,product_y,442.0,2023-03-28
30dac12163,product_y,,2023-04-18
624a66c5bc,product_y,101.8,2022-12-05
4644985d0d,product_y,,2023-04-20
061d0eadd8,product_y,697.975,2022-07-12
1a487f9ddb,product_y,656.8425,2022-09-28
dd46cf6e64,product_y,450.2525,2022-03-31
a3b14dbc13,product_y,258.5,2023-01-25
a3b14dbc13,product_y,411.9175,2023-03-27
75dd5ab804,product_x,989.98,2022-10-04
dd491c6c7a,product_y,1702.0,2022-09-29
234f5e9128,product_y,,2023-05-16
df1fb82e85,product_y,1522.0,2022-10-14
a8c2e57338,product_y,1662.4,2022-09-30
a2ab99c800,product_y,1783.36,2022-10-27
604d3b5791,product_y,236.56,2022-10-19
8efd0271db,product_y,461.6625,2022-10-21
f49a7d4cea,product_y,493.0,2023-02-14
4b15bce38a,product_y,382.135,2022-07-08
82661bd6ee,product_y,310.0,2022-09-16
0758259ec5,product_y,485.2,2022-08-16
59f6b94dcd,product_y,1200.88,2023-01-06
adfaccd1f9,product_y,,2023-05-15
ff738c28ff,product_x,,2023-03-31
6e49140bac,product_y,525.845,2023-01-30
2a0046026e,product_y,596.5725,2023-02-08
e2457dee03,product_y,852.1975,2022-12-15
7bce906f7b,product_y,532.5475,2022-11-04
b9569be399,product_y,1376.2,2022-12-12
50f9caa810,product_y,,2023-05-12
eac65f51fd,product_y,,2023-05-05
d1c6e63a0d,product_y,493.0,2022-12-13
609f726be7,product_y,154.0,2023-01-26
594a366637,product_y,939.2525,2023-03-29
f29ca0ad28,product_y,,2023-05-24
2c137ea063,product_y,1162.0,2022-07-31
1fc56a9fdc,product_y,,2023-04-25
944eee0040,product_y,697.96,2022-03-23
339c8a6a6f,product_y,206.56,2022-07-19
e1c96f8aad,product_y,,2023-04-05
a54166ff0d,product_y,1140.4,2023-02-01
9624fff3f4,product_y,592.12,2023-01-09
9624fff3f4,product_y,734.5,2023-01-09
44d8ae916d,product_y,732.185,2022-09-05
8dd39f8f52,product_y,340.495,2022-04-07
c6144fb908,product_y,,2023-06-06
cbfda88b21,product_y,766.0,2022-09-19
c6c73cd7f3,product_y,,2023-04-03
2bc0fccf67,product_x,1157.025,2022-12-20
2dbe57a27e,product_y,281.9875,2022-04-23
7fd28d6886,product_y,262.0,2022-11-15
cc35ad9a5a,product_y,1162.0,2023-03-29
73ae51bf71,product_y,493.0,2023-02-21
3e76b71b96,product_y,,2023-05-09
5e3f2c4d3c,product_y,528.4,2022-08-01
5e3f2c4d3c,product_y,528.4,2022-08-01
c80a209d5d,product_y,642.7125,2023-03-13
f37e0d0bda,product_y,578.04,2022-11-30
833c8935cd,product_y,300.305,2022-09-01
3b4a3240b8,product_x,49.3125,2023-03-28
3b4a3240b8,product_y,734.5,2023-01-16
7304792832,product_y,262.0,2022-12-22
1df6f95390,product_y,730.24,2022-02-28
0d46a54628,product_y,514.0,2023-02-06
0d46a54628,product_y,514.0,2023-02-06
e196ef535a,product_y,215.2,2022-10-04
f353108549,product_y,1549.6475,2022-12-28
d17b56f1fc,product_y,810.9275,2023-01-13
9ac0f15808,product_x,140.1075,2023-02-24
9ac0f15808,product_y,543.3925,2022-05-30
9ac0f15808,product_y,420.4,2022-05-30
a3a1e3e8e7,product_y,1133.82,2022-09-20
f60c95a91f,product_y,,2023-04-19
c08a539351,product_y,429.365,2022-08-18
fddd466eb1,product_y,,2023-05-15
8d0c7db0f1,product_y,210.7175,2022-11-10
0446bf2763,product_y,493.0,2022-12-21
32bfc00418,product_y,141.1125,2022-08-10
38a0ced02d,product_y,10.0,2022-12-30
2f701eb0e3,product_y,218.8,2022-08-18
950ac93a9e,product_y,254.8,2022-12-07
3ae3a87fd5,product_y,,2023-02-07
3ae3a87fd5,product_y,,2023-05-05
a68c6862d4,product_y,,2023-01-09
d4dcfa3a7f,product_y,475.695,2022-04-29
6c68f41fdb,product_y,615.5275,2023-01-04
0d3e06ff9b,product_y,,2022-09-05
8f29e9c37b,product_x,,2023-05-03
bd834a029c,product_y,1349.6675,2022-10-07
e3ec2e999f,product_y,154.0,2022-09-05
47a57c02fe,product_y,,2023-04-21
1a61d5d3fb,product_y,1543.6,2023-03-24
54ee85412b,product_y,278.705,2022-11-25
f68debaeee,product_y,655.235,2022-09-27
b375123082,product_y,640.605,2022-09-28
6739bcc4e5,product_x,1295.78,2023-03-14
6739bcc4e5,product_y,1018.0,2023-03-06
dc35532fe5,product_y,1450.0,2022-05-04
82250cdebd,product_y,637.7,2023-03-28
3e0177a577,product_y,,2023-05-30
47ad32918d,product_y,,2023-06-05
47ad32918d,product_y,493.875,2023-02-17
47ad32918d,product_y,534.2975,2023-02-02
529b32974b,product_y,1450.0,2022-05-11
7625a0032d,product_y,463.2925,2022-12-09
bd83edd8c5,product_y,637.495,2022-09-29
f6a6a50fe2,product_y,1066.095,2023-03-20
812dcf4b45,product_y,298.0,2023-01-09
ffead4eaef,product_y,514.0,2022-11-29
b604148861,product_y,651.9425,2023-02-10
b604148861,product_y,651.9425,2023-02-10
bea5e00d3a,product_y,461.235,2022-05-04
290f1252b5,product_y,730.145,2023-03-08
37d41ce06b,product_y,,2023-04-14
26915e2038,product_y,,2023-04-30
9e164dfa99,product_y,1092.88,2022-10-17
e7fdfa982d,product_y,,2023-04-06
608c2cf04c,product_y,446.6075,2023-01-23
b2278bfe5d,product_y,565.6725,2022-08-24
407d83baf4,product_x,,2023-04-24
cb506444d9,product_x,,2023-05-30
e1f91647b8,product_y,307.6075,2022-08-11
86e941c537,product_y,548.6725,2022-09-22
fece52ce60,product_y,,2023-04-11
f442033814,product_y,145.085,2022-12-30
e91be401ab,product_y,,2022-07-19
a8b975984b,product_y,,2023-05-08
330aad2c3e,product_y,,2023-05-02
cf0142f6bd,product_y,1398.16,2023-03-06
620e4ab4b9,product_y,461.0075,2023-03-16
200e45ba08,product_y,262.0,2022-09-15
200e45ba08,product_y,262.0,2022-09-15
c531a30021,product_y,1029.52,2022-09-02
20000b8a53,product_y,,2023-05-30
f391e0637e,product_y,404.5,2023-01-30
42ecd9f6f0,product_y,298.0,2022-09-07
42ecd9f6f0,product_y,464.925,2022-05-25
598a3441d5,product_y,679.15,2022-03-07
bc2a61b2e4,product_y,328.9375,2022-09-23
145f983b5a,product_y,1018.0,2023-01-19
5b1564ca08,product_y,258.975,2022-11-18
3129d55a2c,product_y,395.405,2022-12-22
3b11f77af1,product_y,,2023-05-02
5cfb9dab7d,product_y,163.7925,2023-03-03
89187107a4,product_y,154.0,2022-08-24
89187107a4,product_y,154.0,2022-08-24
89187107a4,product_y,92.8,2022-08-24
2bfec660cf,product_x,1048.67,2022-11-09
7103c4de99,product_y,483.8075,2022-08-11
1a7ca770ed,product_y,273.8075,2023-03-16
1a7ca770ed,product_y,514.0,2023-03-16
e2cfd00554,product_y,54.1375,2022-11-16
e2cfd00554,product_y,766.0,2022-11-10
e2cfd00554,product_y,558.23,2022-11-10
e2cfd00554,product_y,766.0,2022-11-10
c9098659d3,product_y,2026.0,2022-11-28
da1054fc69,product_y,1018.0,2022-11-30
da1054fc69,product_y,1015.4075,2022-11-30
7e2694d17c,product_y,456.4,2022-09-05
b9c016cdfe,product_y,697.7025,2023-02-28
5ac0d8ceda,product_y,1162.0,2022-09-01
3a3869006a,product_y,365.49,2022-12-21
95d8824d30,product_y,456.4,2023-03-03
c1d994afaa,product_y,1882.0,2022-09-02
c1d994afaa,product_y,1018.0,2022-10-17
a6ab4f3a67,product_x,1260.38,2023-03-03
0faa527ca2,product_y,,2023-04-03
0faa527ca2,product_y,514.0,2023-03-31
0faa527ca2,product_y,,2023-04-27
39c86df9a7,product_y,,2023-04-04
d29e9ae147,product_y,,2023-05-30
d29e9ae147,product_y,,2023-05-30
b19c121663,product_y,241.9525,2022-12-15
0e7f454337,product_y,262.0,2023-01-18
ff4ee1848a,product_y,,2023-05-11
92948baa14,product_y,2350.0,2022-10-04
92948baa14,product_y,650.905,2022-10-10
e2c22aaaef,product_y,712.755,2022-08-05
cbdfa7707a,product_y,398.8,2022-10-26
542017eee0,product_y,312.4,2022-06-22
3a4e6d1d7f,product_y,287.9925,2022-11-14
ed3e6ef5e4,product_y,438.875,2022-05-04
4ce255a39f,product_y,1018.0,2022-11-30
e3b8fac70f,product_y,434.265,2022-09-30
5aaca4ba4d,product_y,766.0,2023-03-24
d87cf1dc4e,product_y,430.5775,2022-07-25
deb91b2689,product_y,744.94,2022-03-17
00a50c36df,product_y,673.5525,2023-01-20
9155de80ea,product_y,1079.5,2023-01-25
da3c2ae483,product_y,535.075,2022-09-28
c73677d4e3,product_y,730.0,2022-10-15
146f983dff,product_y,298.0,2022-12-29
c6c4f9b0c6,product_y,760.405,2022-12-05
c6c4f9b0c6,product_y,1239.76,2022-11-17
b45e2f550b,product_y,874.0,2022-09-05
95f3a63494,product_y,161.775,2023-02-27
f92f43d295,product_y,803.7275,2022-11-25
4ece01192f,product_y,,2023-04-04
edb1a88144,product_y,154.0,2023-01-26
5085dc0682,product_y,,2023-04-11
488e8261c7,product_y,640.4575,2023-03-15
3a80c86103,product_y,712.0,2022-04-19
4f1f799853,product_y,739.1075,2023-02-21
825a829317,product_y,667.5575,2022-05-20
c2ac65574f,product_y,638.2825,2022-11-03
5cc6e96131,product_y,316.315,2022-09-22
dc54b2f7dd,product_y,1238.7375,2022-06-30
ac34fe3929,product_y,1137.88,2022-10-14
f5109f7090,product_y,606.5175,2022-11-22
d69a4e215f,product_y,694.6225,2022-08-15
342ceff6a1,product_y,1104.4,2022-09-30
b24b165eb8,product_y,462.035,2023-03-29
070f2e1c81,product_y,,2023-04-21
7cc93874ff,product_y,444.8,2022-12-12
ae2319ef70,product_y,375.49,2022-05-02
9c1a112c41,product_y,444.3325,2022-11-02
96c50e30d8,product_y,154.0,2023-03-17
96c50e30d8,product_y,444.5,2022-12-22
1371703d51,product_y,582.8325,2023-01-16
1371703d51,product_y,1018.0,2022-11-22
b7f31771b1,product_y,182.8,2022-05-13
9381415509,product_y,292.27,2022-10-24
acd928d0b3,product_y,514.0,2022-11-15
8a73e4c114,product_x,663.575,2022-06-28
8a2a6f2b2a,product_y,760.4575,2022-12-29
d2f0dbce7a,product_y,,2023-05-17
c6290cb156,product_y,287.2225,2022-09-19
5de1636076,product_y,431.48,2022-06-24
07e0e714ea,product_x,492.14,2022-07-06
5f1817f789,product_x,,2023-06-05
3084a3b219,product_y,720.64,2023-01-23
006f30293d,product_y,874.0,2023-03-14
60795c9f3e,product_y,600.96,2022-11-02
5e635fd81d,product_y,801.6075,2022-11-17
b32a274508,product_y,2314.0,2022-10-04
294a77b51a,product_y,,2023-05-15
83367637d0,product_y,488.4575,2023-03-07
908b0f5afd,product_y,903.135,2022-11-07
7a0ea10160,product_y,,2023-03-31
7a0ea10160,product_y,,2023-03-31
80190f8a16,product_y,674.1475,2022-11-10
c4c5611647,product_y,696.37,2023-01-27
c13da163b0,product_y,,2023-05-03
c13da163b0,product_y,,2023-05-03
c13da163b0,product_y,,2023-05-03
6be65ecc62,product_y,470.8,2022-07-22
3b2c879de3,product_y,,2023-06-02
f439634f9a,product_y,607.505,2022-08-03
315a969ed1,product_y,,2023-05-17
1a82061e71,product_y,,2023-05-04
befb7c99e0,product_y,604.755,2022-05-16
2f6071564b,product_y,663.04,2022-08-12
810c4e6cf7,product_y,,2023-04-28
37b056d64a,product_y,544.6425,2022-08-16
d8b2caece5,product_y,410.435,2022-10-17
262253aeb2,product_y,388.0,2023-01-25
74b9bf92e6,product_y,680.28,2022-10-21
85d573616f,product_y,,2023-04-14
90129c60a7,product_y,1083.7,2022-09-19
90129c60a7,product_y,555.795,2022-02-21
db4931dcef,product_y,1162.0,2022-12-30
911903c68a,product_y,568.8125,2023-02-22
568ee4f600,product_y,387.31,2023-02-01
74d03fb208,product_y,479.2325,2023-02-17
b22e6f1f1f,product_y,579.665,2022-12-28
38b9d30c3c,product_y,,2023-04-14
14c91f2c14,product_y,130.75,2023-01-23
5b125d5682,product_y,224.195,2022-11-15
5b125d5682,product_y,224.195,2022-11-15
a448db2cb4,product_y,,2023-04-05
e21697bc5c,product_y,528.4,2022-10-05
7f5355261b,product_y,,2023-04-14
88358e7b82,product_x,45.0,2022-10-21
88358e7b82,product_y,233.02,2022-10-21
35b32c59a4,product_y,1306.0,2022-06-07
218e4e82ce,product_y,4330.0,2023-01-26
a405a65176,product_y,661.9025,2023-01-20
72b0e757e6,product_y,1127.585,2023-01-27
684f3dd22e,product_y,2467.0,2022-10-13
8500732b4b,product_y,1193.68,2023-02-14
884de962bb,product_y,413.8325,2022-11-07
fe9d90973e,product_y,,2023-05-03
c883632fd7,product_y,861.04,2023-03-28
b5a7145625,product_y,,2023-04-19
19a79b9075,product_y,390.99,2022-05-25
c08051e31b,product_y,,2023-05-31
80b3220533,product_y,627.45,2022-09-29
bb0e8ef800,product_x,1021.23,2022-05-31
86f9bd92f6,product_y,,2023-04-08
154a79f5f6,product_y,525.8075,2022-04-28
4acc5755aa,product_y,,2023-05-30
e2f59f3c4d,product_y,136.0,2023-03-13
e2f59f3c4d,product_y,136.0,2023-03-13
e2f59f3c4d,product_y,136.0,2023-03-13
5d9af80701,product_y,,2023-04-21
a2ebccc067,product_y,708.875,2022-10-24
5fba1a4cd7,product_y,430.65,2023-02-15
d6474a0479,product_y,515.19,2022-06-15
300590c6aa,product_y,440.165,2022-11-02
0d9091cfcd,product_y,,2023-05-17
0d9091cfcd,product_y,,2023-05-17
0d9091cfcd,product_y,,2023-05-17
59ce63fc12,product_y,514.0,2023-03-28
366bc593c2,product_y,410.5875,2022-09-07
8576448aff,product_y,445.995,2023-02-22
aeda33d7e0,product_y,,2022-10-19
6fc6ee4a4d,product_y,,2023-06-05
d223d4f458,product_x,1230.18,2022-11-10
6f12a6dc84,product_y,,2023-04-06
e82fb4166c,product_y,710.6,2023-03-01
ff83537134,product_y,,2023-05-08
c0e518c1e9,product_y,270.395,2023-02-24
7be13b5f23,product_y,989.2,2022-08-31
6206b031ff,product_y,268.8825,2023-03-16
bf5ff00c3a,product_y,895.98,2022-09-23
2e705f0b30,product_y,168.4,2022-09-22
5106bf282d,product_y,353.8725,2022-12-29
20622b8863,product_y,874.0,2022-12-27
f5215ff76b,product_y,431.9375,2022-06-07
c5edfbbca1,product_y,514.0,2022-10-26
07533529e6,product_y,325.39,2022-02-24
19d557c965,product_y,249.09,2022-06-20
d021f9c32d,product_y,413.92,2023-02-06
0f1b4304a4,product_y,403.155,2023-03-31
c579e7737c,product_y,528.4,2022-09-01
490a7890ba,product_y,545.5275,2022-12-05
490a7890ba,product_y,143.775,2023-01-20
7c892f6b2e,product_y,276.8875,2022-10-20
10cd70adf1,product_x,1371.9475,2023-01-31
f41f7a81c2,product_y,1918.0,2023-02-08
f41f7a81c2,product_y,941.5,2023-02-08
d24eeeaf75,product_y,809.7975,2023-03-09
45660d11a6,product_y,583.455,2022-10-25
5b1f328d61,product_y,50.985,2022-09-02
9cc5035812,product_y,,2023-04-19
b8fea1e981,product_y,,2023-04-27
b8fea1e981,product_y,,2023-04-04
ab42371415,product_y,521.2,2022-11-22
c829fd0182,product_y,,2023-05-10
5a413dca88,product_y,,2023-05-17
7a5a34e12e,product_y,262.0,2022-11-11
e9d681349f,product_y,442.575,2022-06-02
af5351aae5,product_y,276.8475,2022-10-06
1f8cca12dc,product_y,801.425,2022-12-06
1a0e1bfd3c,product_y,305.08,2023-02-02
0f673de74e,product_y,149.3925,2023-03-07
a203cb6912,product_y,,2023-05-31
a203cb6912,product_y,,2023-05-31
75f693e116,product_y,481.055,2023-03-20
0e6b5057a5,product_x,155.405,2022-07-01
79bc941651,product_y,1014.76,2023-03-22
3290e123c7,product_y,824.1075,2023-01-16
778a8fdaa0,product_y,493.0,2022-12-16
778a8fdaa0,product_y,547.49,2022-11-25
888d0e5143,product_y,234.4725,2023-03-09
98beaafe17,product_y,1162.0,2022-11-01
4379995610,product_y,498.4475,2022-10-06
549c4a2bf8,product_y,,2023-04-26
f7f9ddc98e,product_y,282.77,2023-03-20
511410d983,product_x,635.925,2022-11-09
653489ef1e,product_y,1429.12,2022-07-25
97e2bfc360,product_y,,2023-04-27
fb4e29a968,product_y,485.2,2022-10-28
fb4e29a968,product_y,476.8475,2022-10-28
5c25dbe47f,product_y,771.615,2022-12-22
b1d438bd14,product_y,1090.0,2022-07-28
9140257a17,product_y,403.32,2023-03-30
e9d870b4c2,product_y,,2023-05-31
3aa3d838f7,product_y,1738.0,2023-02-17
c24e87ecc1,product_y,603.365,2023-01-09
a4d64d8d66,product_y,,2023-05-31
9e5fdc7fc0,product_y,353.0375,2022-06-24
4dd87ced5c,product_x,192.025,2022-10-13
88108a180a,product_y,991.505,2022-10-31
6d9565627a,product_y,530.615,2023-01-24
6d9565627a,product_y,524.655,2023-01-16
139ecc055d,product_y,,2023-04-18
ade31e284c,product_y,274.595,2023-01-31
9cb274dc79,product_y,512.79,2023-01-13
a48da981fb,product_y,633.3525,2022-09-09
147f0347e1,product_y,,2023-05-17
147f0347e1,product_y,,2023-05-17
51f4d31a33,product_y,1142.07,2022-12-20
ba37f55720,product_y,262.0,2023-03-07
213206d887,product_y,658.0,2022-07-15
bee640ee8e,product_y,857.585,2022-09-09
aad4a496b9,product_x,,2023-04-25
07d584766b,product_y,,2023-04-17
ab6654c70c,product_y,621.1925,2022-05-19
188564d04e,product_y,386.2725,2023-02-07
fd24ced620,product_y,154.0,2023-03-23
f1299f3a6c,product_y,,2023-04-18
aed85020b5,product_y,1248.76,2022-12-16
e7aef928ff,product_y,442.0,2022-04-20
e40a15b4fe,product_y,,2023-05-23
7f44a9c27b,product_y,579.3325,2022-08-30
bcb6115c40,product_y,,2023-06-06
26bae51567,product_y,310.0,2022-07-28
0e541ba791,product_y,,2023-04-30
1e514cfe5a,product_y,535.42,2023-02-22
87893aaad2,product_y,470.47,2022-05-11
50c40593f3,product_y,602.605,2022-06-09
230a5d18ae,product_y,514.0,2023-01-23
2294cfb269,product_x,1632.3125,2023-01-24
78d1b64953,product_y,543.195,2023-01-20
113c793050,product_y,437.865,2022-07-05
606bb87ed1,product_y,346.7,2022-05-17
606bb87ed1,product_y,758.8,2022-05-17
244f6d314a,product_x,1132.945,2023-03-30
2f8abb222c,product_y,,2023-04-18
a809769d79,product_y,,2023-04-25
20cc794432,product_y,543.9525,2023-03-22
95eccff164,product_y,,2023-04-27
30c208acf7,product_y,,2023-05-30
587bdfc4df,product_y,390.91,2022-12-20
a1d83238fc,product_y,1853.2,2022-09-06
58aec57250,product_y,349.0325,2023-01-27
36bd13c3f4,product_y,,2023-05-30
7f485a91b6,product_y,643.0525,2022-11-25
14fa64ac88,product_y,282.1125,2022-08-09
aff5e7eee9,product_y,,2023-06-01
9e8adfcadb,product_y,145.0,2023-03-20
01566bd6fa,product_y,1414.0,2022-09-26
55f013313c,product_y,,2023-04-21
d8d6df3a09,product_y,1503.855,2023-03-14
b98949b7c0,product_y,532.9175,2022-05-03
b216a94362,product_y,1518.1125,2023-02-13
0abcfb07d9,product_y,305.0225,2023-03-09
29a9b51ebd,product_y,,2023-05-12
278c667eab,product_y,506.215,2022-09-12
80e63e1db4,product_y,785.655,2022-11-11
b8016a11a8,product_y,724.5275,2023-01-03
0bfec87671,product_y,136.0,2023-03-30
c9ffdfebbe,product_y,1087.5325,2022-09-26
05f364521b,product_y,,2023-05-16
74ea958b8c,product_x,,2023-04-03
871c5a59ad,product_y,,2023-04-17
9a13861f2a,product_y,,2023-04-18
4b9cbf0ceb,product_y,437.8,2023-02-20
6335757d18,product_y,3190.6725,2022-07-04
6c0c67865b,product_y,1370.8,2022-09-29
5b7bccc7b7,product_y,,2023-05-12
0d83a38ff9,product_y,496.0775,2022-06-28
8b3075cf92,product_y,588.935,2022-03-17
6b5aa00bc7,product_y,2542.385,2022-11-15
4fc614c084,product_y,466.34,2022-07-01
3f16bf0cc5,product_y,,2023-04-12
dbe1341f45,product_y,1955.7275,2022-06-22
dbe1341f45,product_y,224.2725,2022-12-13
4cd6386924,product_y,976.0,2022-12-20
e3dacfa76b,product_y,,2023-04-04
1c19e098a8,product_y,,2023-05-19
ed90b6d6ab,product_y,,2023-06-02
8e9528cd77,product_y,249.4,2023-01-13
54d6872809,product_y,1111.6,2022-05-16
84be27312d,product_y,,2023-04-12
150d0d3273,product_y,587.8,2022-11-15
325431fe6a,product_y,251.5,2023-02-01
51e06e715c,product_y,,2023-04-27
ab7acbb8fa,product_y,789.3275,2023-03-01
c928d4d462,product_y,,2023-04-13
a582665ae9,product_y,508.865,2023-03-09
9cc754d15f,product_y,,2023-04-14
8d932f80d5,product_y,591.265,2022-08-08
974ad4af19,product_y,106.265,2023-01-31
31ea031755,product_y,744.4,2023-03-31
31ea031755,product_y,1270.0,2023-03-17
aef373ce2e,product_y,235.705,2023-02-15
66579fbe8b,product_y,383.0275,2023-03-08
b4cacb7093,product_y,995.5,2023-02-10
661f3f2c4e,product_y,1401.4775,2023-01-16
c50feb7bbb,product_y,1514.655,2023-02-27
dec43927cc,product_y,734.5,2022-12-15
60659b49ee,product_y,514.0,2023-02-22
67224f2d01,product_y,,2023-04-24
b05a875299,product_y,,2023-05-25
99b4d9d79a,product_y,438.7275,2023-02-15
90ec10ef98,product_y,856.375,2023-01-16
4bc72f189d,product_y,457.3775,2022-12-22
5b3b9c62d9,product_y,675.23,2022-11-21
f8cb1d08aa,product_y,316.72,2022-07-15
3995fd0fd0,product_y,136.0,2022-11-17
dcc2ba5999,product_x,1130.805,2022-09-30
4f06d15cf1,product_y,,2022-07-07
f483019c33,product_y,251.8325,2022-05-10
64a283b409,product_y,586.0,2022-05-23
9ba3302af8,product_y,262.0,2023-01-26
1b8ea2a8ef,product_x,1241.35,2022-08-29
2117786fa3,product_x,,2023-05-31
80eccf448d,product_x,682.58,2022-08-02
9b8f16d256,product_y,562.8375,2022-11-30
510a26d4b6,product_y,312.4,2022-09-16
aba86a0f3f,product_y,1077.7,2022-07-26
2c608fe01c,product_y,,2023-05-10
e589876fba,product_y,,2023-05-11
c5f15a1b62,product_y,,2023-05-23
8715b1bf37,product_y,,2023-05-30
dca2dc0fe1,product_y,287.6325,2023-02-16
4bee0925a0,product_y,514.0,2022-08-28
1d07726000,product_y,136.0,2023-03-29
6bd451fe14,product_x,1311.4525,2023-02-09
8cb73acab8,product_y,701.19,2022-11-10
ebab351480,product_x,1092.5025,2022-11-25
294410f719,product_y,493.0,2023-02-27
553d59ef3d,product_y,,2023-05-10
c9a7468157,product_y,629.845,2022-10-06
224529a4ea,product_y,262.0,2022-10-25
224529a4ea,product_y,262.0,2022-10-25
0336e21063,product_y,636.63,2022-11-24
da74f9ee21,product_y,,2023-05-30
c2e8aeec6d,product_y,744.94,2022-05-18
0f2dcabd54,product_y,404.33,2023-03-06
57b96c369d,product_y,624.25,2022-12-27
8b7363d672,product_y,143.2,2022-09-28
ad512078ac,product_y,421.9975,2023-01-26
28ef4ee3a5,product_y,1633.455,2023-02-10
37833de018,product_y,,2023-05-04
91041a8d30,product_y,,2023-04-07
e816d42e31,product_y,400.8525,2022-10-13
aa7c9b2e03,product_y,624.225,2022-06-30
33c8945279,product_y,,2023-06-06
27fb43afa7,product_y,,2023-05-19
fbbc5563bc,product_y,557.315,2023-01-13
436014c5f7,product_y,443.805,2022-10-31
13172f0064,product_y,694.0725,2022-12-21
8499bcab74,product_y,607.8975,2022-12-15
d02805ef90,product_y,,2023-06-01
cea7c47612,product_y,,2023-04-20
0f51146900,product_y,821.295,2022-11-02
4604f15535,product_y,690.4425,2022-06-01
32a117b9de,product_y,780.225,2022-12-09
ebc818a1e3,product_x,1215.06,2022-12-23
acdaed4ba0,product_y,616.44,2022-11-22
7016995035,product_y,276.4,2022-05-11
b5f419d165,product_x,347.065,2023-01-24
6bbe34d20b,product_x,819.075,2022-10-13
db6bc52fc8,product_y,485.2,2023-02-28
9754372f41,product_y,276.6025,2022-12-12
a361cf589b,product_x,884.235,2023-01-11
b0bba85122,product_y,677.7775,2023-01-25
a79c11b909,product_y,730.0,2022-10-14
4e94abed4b,product_y,2227.6,2023-03-15
527d4f00da,product_y,,2023-05-12
4d821fa2ca,product_y,,2022-08-10
9316f16ff2,product_y,,2023-06-02
d2c8aa297f,product_y,,2023-04-26
5c2f867404,product_y,142.7675,2023-01-27
765b18831f,product_y,,2023-05-22
f4bf610b93,product_y,,2023-03-21
1c82acfa13,product_y,,2023-06-01
da8b555da3,product_y,773.825,2022-06-15
646fe3f2ff,product_y,,2023-03-15
62970c64fe,product_y,,2023-05-26
fcf9145aa4,product_x,,2023-04-19
7827a183bc,product_y,834.64,2022-05-19
594775cf26,product_y,318.9425,2022-09-16
d48315ebd6,product_y,1162.0,2022-12-14
083c7a879c,product_y,974.195,2023-03-06
c0c33e815d,product_y,1459.0,2023-01-10
471e6ed468,product_y,1572.4,2022-09-12
7f13d4ca94,product_y,403.335,2022-11-08
ab741641e2,product_y,,2023-04-26
21b7a9d948,product_y,690.4,2022-03-19
13840a08d8,product_y,,2023-05-08
0de07f1146,product_y,,2023-05-31
0de07f1146,product_y,,2023-05-31
d43b2224d0,product_y,,2023-05-11
832e1489b2,product_y,451.9275,2022-06-10
4d6cc9ae58,product_y,519.23,2022-05-30
527c786497,product_y,2092.815,2022-11-28
527c786497,product_y,766.0,2022-11-28
45d8ca5708,product_y,586.0,2023-03-20
c85cdd3d3b,product_y,,2023-04-21
c85cdd3d3b,product_y,,2023-04-19
1353bcd54e,product_y,1164.0875,2023-03-24
253548c8dc,product_y,,2023-05-09
9986c377a8,product_y,494.7025,2023-03-21
9986c377a8,product_x,,2023-06-02
a751ca7994,product_y,724.46,2022-05-03
38f084676c,product_y,326.765,2022-11-10
9e45658e23,product_y,1921.1125,2022-09-27
4f41d87f86,product_y,356.5,2022-07-15
2ffa68a32f,product_y,262.0,2022-10-31
2ffa68a32f,product_y,1288.8625,2022-06-28
00a683a76a,product_y,,2023-04-12
e5fdd0ad59,product_y,472.0,2023-03-13
52280bdfb9,product_y,778.095,2022-12-07
8d761c4681,product_y,517.385,2023-02-27
f5650ca474,product_y,960.4,2022-09-27
47f00e470a,product_y,905.7525,2023-01-20
eaa2364d28,product_y,514.0,2022-10-20
9c18c9d0d5,product_x,1193.4525,2023-03-28
162bb450c8,product_y,993.115,2022-09-22
162bb450c8,product_x,1395.0225,2022-09-22
0dc65d5475,product_y,233.2,2022-08-27
0c427964d4,product_y,667.0575,2022-09-20
7feece8744,product_y,,2023-05-02
b417fd4690,product_y,136.0,2023-01-04
b417fd4690,product_y,136.0,2023-01-04
8773df03ef,product_y,577.0,2022-04-18
9e135e1284,product_y,794.6275,2023-03-29
eaba0d4837,product_y,473.8825,2023-03-30
c11c7c0a48,product_y,636.7975,2023-03-08
c11c7c0a48,product_y,82.0925,2023-03-08
cef8562ee5,product_y,268.5525,2022-11-29
e767a3ff3e,product_y,1337.105,2023-02-01
0a98779a9a,product_y,507.765,2023-03-30
3e0c496182,product_y,,2023-04-18
aac8de0326,product_y,,2023-05-24
a4587ecf16,product_y,,2023-05-02
5dd64f7f93,product_y,406.99,2023-02-25
d8bdfb4f70,product_y,,2023-05-04
1680e4f33d,product_y,136.0,2022-10-12
1f1d44994d,product_y,,2023-04-25
817117a5ed,product_x,1353.115,2023-02-02
1207d052f8,product_y,,2023-06-02
1207d052f8,product_y,,2023-06-02
fa75ba299b,product_y,517.2674999999999,2022-10-19
f219852179,product_x,1346.3975,2022-12-28
270422ee61,product_y,793.1725,2022-10-28
ee0e270fa1,product_x,,2023-04-25
2352628480,product_y,392.2675,2022-11-22
41f0e39d5b,product_y,,2023-06-02
4a17bda6b6,product_x,822.855,2023-03-15
41ccf8190e,product_y,,2023-05-05
cd209597d9,product_y,1345.745,2022-10-21
b46d770837,product_y,579.665,2022-11-01
af3b28aac0,product_y,418.37,2022-10-11
623b0fe810,product_x,1269.0025,2022-06-30
3cc2642221,product_y,377.055,2022-09-22
c9699ea28e,product_y,1421.02,2022-09-27
